"stable_key","provider","source_file","extension","sha256","relative_url"
"preset-01.jpg","Pixabay","pixabay_01.jpg",".jpg","C4E87209CD25EB5A5890B1E77602ADC2F95C7357A1BF5F5AD75A3DEB5D04BE43","/avatars/presets/preset-01.jpg"
"preset-02.jpg","Pixabay","pixabay_02.jpg",".jpg","34E2AEB76BB962F96E2B4EFE9D829A70EBA59D612B1FC340AC118883C22E1E0F","/avatars/presets/preset-02.jpg"
"preset-03.jpg","Pixabay","pixabay_03.jpg",".jpg","5913863DFE49DC06F07DA86FDA2E140CE82574FE563427043040629332883FB0","/avatars/presets/preset-03.jpg"
"preset-04.jpg","Pixabay","pixabay_04.jpg",".jpg","8D902B24574B9F0ECD5B9649DE8533F4E0A919CFFFC898C2C6FBB44EA0050E91","/avatars/presets/preset-04.jpg"
"preset-05.jpg","Pixabay","pixabay_05.jpg",".jpg","29E630222BA7FC6876295A7698C7202261F72021A1D8DC3BF313C557634DE47D","/avatars/presets/preset-05.jpg"
"preset-06.jpg","Pixabay","pixabay_06.jpg",".jpg","E554FA1ECF0664BA978DE041601B74E7AF9E543C678DFAB8E8B29563A534A963","/avatars/presets/preset-06.jpg"
"preset-07.jpg","Pixabay","pixabay_07.jpg",".jpg","B84851862734F3C913EB4B6BB2A3501DF7E8094E9EB52EA994140901940DEF91","/avatars/presets/preset-07.jpg"
"preset-08.jpg","Pixabay","pixabay_08.jpg",".jpg","2ABF085519679C96E553BD5E65D8DB1D548FE1DCF8DE2C09549B7D3ABBECB221","/avatars/presets/preset-08.jpg"
"preset-09.png","Pixabay","pixabay_09.png",".png","798BDAA8F4C0559C01F9FC426811130E9F4A27FAD322D412A8DCC40F119DDC88","/avatars/presets/preset-09.png"
"preset-10.jpg","Pixabay","pixabay_10.jpg",".jpg","8D90CDB7BE6D4CDA032677ADC35B3202CB98C351A048AE1AE69845590D993BEB","/avatars/presets/preset-10.jpg"
"preset-11.jpg","Pixabay","pixabay_11.jpg",".jpg","EFA3E367B9051AF78324F3101BB9F9D84320C1D4990A538E522E05BEF9CC5DD9","/avatars/presets/preset-11.jpg"
"preset-12.jpg","Pixabay","pixabay_12.jpg",".jpg","0BCEB4DC87F76B4D5F401A2DD6686BDB83B4E4EA3D631BADEBCEB2785AEBAB66","/avatars/presets/preset-12.jpg"
"preset-13.png","Pixabay","pixabay_13.png",".png","748C6EA37D91216870F463C33595758361F491C2E7B612F220F35585A550AB94","/avatars/presets/preset-13.png"
"preset-14.png","Pixabay","pixabay_14.png",".png","8726FF0C46CA3916A5BCD12B10EC68F8FE82C6EEE603DF4C2AC770CB0D84FFED","/avatars/presets/preset-14.png"
"preset-15.png","Pixabay","pixabay_15.png",".png","C58F97332DFC996CF790D84D50B14BB2539DECB5CE6120A9B0B9FAF13BEE975F","/avatars/presets/preset-15.png"
"preset-16.jpg","Pixabay","pixabay_16.jpg",".jpg","1C27E1666100D4E8B4A24E788E5429C87B4B5CACD596732569DA739033BB3D48","/avatars/presets/preset-16.jpg"
"preset-17.jpg","Pixabay","pixabay_17.jpg",".jpg","5EF8B8E4916067E507664DB866541B70F8B2E61CD0ED919B27EED148B425B484","/avatars/presets/preset-17.jpg"
"preset-18.jpg","Pixabay","pixabay_18.jpg",".jpg","E364E86AE5B62167A3C327AE612C90ADA14DD8920DFBF70696471D42586EC24E","/avatars/presets/preset-18.jpg"
"preset-19.jpg","Pixabay","pixabay_19.jpg",".jpg","FFDBE9C8F752176209497EE777F09226D94401796739F7CF505D4E96CEA1A4C7","/avatars/presets/preset-19.jpg"
"preset-20.jpg","Pixabay","pixabay_20.jpg",".jpg","A77889F0079D4A90CFCB05D58F91864968137B542B7163A8F8A18E4F96A3F6AB","/avatars/presets/preset-20.jpg"
"preset-21.jpg","Pexels","pexels_01_1640777.jpg",".jpg","AF01565CE0455D23FD51C7910331C2E9EEC8C5A5A8592E708FCCEBEEEB8306EE","/avatars/presets/preset-21.jpg"
"preset-22.jpg","Pexels","pexels_02_994605.jpg",".jpg","78CC5DBA8539E46B47A36E964DF9107256A366B99F9BD39FAA9A283DB8B838CE","/avatars/presets/preset-22.jpg"
"preset-23.jpg","Pexels","pexels_03_1525041.jpg",".jpg","E36A1DA6EE5F25F4BFBFA2A52166061D945606F66F363A6E0318A88E12DA887A","/avatars/presets/preset-23.jpg"
"preset-24.jpg","Pexels","pexels_04_169647.jpg",".jpg","AC019259CD016F3FF4D3542BB6D08E32231CB1191CB2F2E94B57373BA3C5F93A","/avatars/presets/preset-24.jpg"
"preset-25.jpg","Pexels","pexels_05_3018993.jpg",".jpg","84449D172430B74680C0B44DB68ACF1598C76D3C70C81FF6518FC0505E0D3B2B","/avatars/presets/preset-25.jpg"
"preset-26.jpg","Pexels","pexels_06_237273.jpg",".jpg","BFA9B693DA5BAD7982C6EE9F25FE7FA52091659E523F1F7C753C2365799DEE5A","/avatars/presets/preset-26.jpg"
"preset-27.jpg","Pexels","pexels_07_2347011.jpg",".jpg","CA0728521E456DB3D275BE7EA8FFB7929FA5C30652EFD52D8179ACA98E40CF04","/avatars/presets/preset-27.jpg"
"preset-28.jpg","Pexels","pexels_08_4507967.jpg",".jpg","6513662FDC3A9C8989C3B039CD9E0383FD506CC4432A070F64EC9FE2FDC2E55D","/avatars/presets/preset-28.jpg"
"preset-29.jpg","Pexels","pexels_09_383557.jpg",".jpg","0D1131148D94B716279A3098AE81ABA79E11BE8465B2A1F7B0FEBBB399A82FFA","/avatars/presets/preset-29.jpg"
"preset-30.jpg","Pexels","pexels_10_1024684.jpg",".jpg","0E8DF4A67FFC34150F18F52CDDF99581F08DC0BB4D010DD2908B1014670DBEBD","/avatars/presets/preset-30.jpg"
"preset-31.jpg","Pexels","pexels_11_546819.jpg",".jpg","96A03A31E8A0F493C81DB1CEC654F637A0BAA36941B21E9280127DA149A42741","/avatars/presets/preset-31.jpg"
"preset-32.jpg","Pexels","pexels_12_4561739.jpg",".jpg","142BC21C506D08AD08C532905262C1EB35DA14A2F76D08321DE5973471C06ED6","/avatars/presets/preset-32.jpg"
"preset-33.jpg","Pexels","pexels_13_139829.jpg",".jpg","DFB5B8C57A0769923A3972C0D9D869721453CB914122ED8DB92288DAD803DBC2","/avatars/presets/preset-33.jpg"
"preset-34.jpg","Pexels","pexels_14_449609.jpg",".jpg","5174A92E7E967B744C536ED1C625379440F59B2BC16DCEF05EAD2BC35BD3ED84","/avatars/presets/preset-34.jpg"
"preset-35.jpg","Pexels","pexels_15_140134.jpg",".jpg","7544A6E1A70DBBEC9851C3B4229405D829745717B0BE848F4A7D8ADEBD27027F","/avatars/presets/preset-35.jpg"
"preset-36.jpg","Pexels","pexels_16_1105666.jpg",".jpg","1ABBB841C0EAA6A19FF9393FC5A0B049153687C208565D0BA00D17658BD6EDBE","/avatars/presets/preset-36.jpg"
"preset-37.jpg","Pexels","pexels_17_1379636.jpg",".jpg","80AF65DD76AE7F71788BDEEB9E6A376CC066D74D60B4F9D0903D6D44D9F0D078","/avatars/presets/preset-37.jpg"
"preset-38.jpg","Pexels","pexels_18_220453.jpg",".jpg","57B9D6F990B791DF16E05C5001ADF1C349FB8BB0F3783587CA4A3123352E2BBB","/avatars/presets/preset-38.jpg"
"preset-39.jpg","Pexels","pexels_19_1879101.jpg",".jpg","7645909C949FC1AE7E49834FB5A24514C4279C85D4F6ABF1AD294A3667C9E584","/avatars/presets/preset-39.jpg"
"preset-40.jpg","Pexels","pexels_20_3225517.jpg",".jpg","F87C0035B1F9E2D10384B638171AC2D8EEBC13922214A2C47924402E2A874A5D","/avatars/presets/preset-40.jpg"
